epoch,time,train/box_loss,train/pose_loss,train/kobj_loss,train/cls_loss,train/dfl_loss,metrics/precision(B),metrics/recall(B),metrics/mAP50(B),metrics/mAP50-95(B),metrics/precision(P),metrics/recall(P),metrics/mAP50(P),metrics/mAP50-95(P),val/box_loss,val/pose_loss,val/kobj_loss,val/cls_loss,val/dfl_loss,lr/pg0,lr/pg1,lr/pg2
1,23.2342,1.76634,10.4369,0.68223,1.43805,1.67584,0.00227,0.05696,0.0012,0.00023,0,0,0,0,nan,nan,nan,nan,nan,0.07075,0.00325,0.00325
2,38.6731,1.56874,9.30602,0.6557,1.10508,1.51397,0.00109,0.02532,0.00038,6e-05,0,0,0,0,nan,nan,nan,nan,nan,0.0407065,0.00653988,0.00653988
3,54.5131,1.50924,8.89515,0.64239,1.02494,1.48227,0.04144,0.26582,0.05098,0.01726,0,0,0,0,3.28373,10.4716,0.86952,29.1534,6.14298,0.0106191,0.00978577,0.00978577
4,71.1208,1.47804,8.563,0.63084,0.98678,1.44907,0.09603,0.13924,0.03766,0.00992,0,0,0,0,3.5013,9.86992,0.62221,11.4629,5.23239,0.009802,0.009802,0.009802
5,88.1952,1.43638,8.26363,0.63041,0.93679,1.42137,0.44037,0.40839,0.38087,0.13809,0,0,0,0,2.57015,9.37939,0.66296,5.65542,3.43626,0.009736,0.009736,0.009736
6,103.566,1.38963,8.16437,0.61659,0.85725,1.36937,0.44687,0.42405,0.35411,0.11711,0,0,0,0,2.68315,8.75629,0.67064,3.26211,3.64608,0.00967,0.00967,0.00967
7,118.167,1.29562,7.88004,0.61474,0.7967,1.33106,0.52486,0.5,0.48811,0.19735,6e-05,0.00633,3e-05,0,2.30986,8.80901,0.77499,3.59158,3.04537,0.009604,0.009604,0.009604
8,133.503,1.26949,7.71128,0.59823,0.78561,1.31864,0.67936,0.51899,0.58886,0.25505,0.06367,0.01266,0.00339,0.00053,2.23997,8.33438,0.56458,2.51825,3.02653,0.009538,0.009538,0.009538
9,149.633,1.28889,7.63433,0.58227,0.78894,1.30708,0.35264,0.31646,0.24967,0.07399,0.00312,0.00633,6e-05,2e-05,2.90563,9.15256,0.64236,3.55416,3.86738,0.009472,0.009472,0.009472
10,165.757,1.24061,7.45735,0.58787,0.76038,1.29689,0.52863,0.51899,0.52892,0.21417,0.0146,0.00633,0.00018,2e-05,2.2287,8.4548,0.68143,2.28219,3.13153,0.009406,0.009406,0.009406
11,181.048,1.26978,7.42357,0.57753,0.77036,1.2842,0.59736,0.6962,0.62458,0.23685,0.01913,0.02532,0.00417,0.00042,2.23839,7.98012,0.61228,1.66504,3.02148,0.00934,0.00934,0.00934
12,196.167,1.20755,7.10327,0.56188,0.74236,1.26945,0.46983,0.6519,0.54427,0.21684,0.06588,0.05063,0.00725,0.00121,2.32234,7.85442,0.56319,1.93117,3.01908,0.009274,0.009274,0.009274
13,210.948,1.23083,7.08152,0.56079,0.72742,1.28334,0.69001,0.53797,0.56145,0.27563,0.03708,0.03797,0.00314,0.0005,2.09195,8.27479,0.68644,1.57927,2.87086,0.009208,0.009208,0.009208
14,226.369,1.22334,7.14034,0.55185,0.75899,1.27134,0.55251,0.71895,0.65203,0.29835,0.06377,0.03797,0.00698,0.00083,1.93619,7.74285,0.74121,1.64269,2.6767,0.009142,0.009142,0.009142
15,241.424,1.19551,6.9695,0.52972,0.70719,1.25277,0.50363,0.5,0.49863,0.18145,0.01633,0.01899,0.00108,0.00014,2.47182,8.22467,0.59955,1.82881,3.31262,0.009076,0.009076,0.009076
16,256.487,1.14412,6.89862,0.52416,0.68549,1.23475,0.43182,0.43038,0.36676,0.16393,0.02131,0.00633,0.00053,7e-05,2.38777,8.86723,0.81441,2.26461,3.29615,0.00901,0.00901,0.00901
17,271.633,1.1743,6.76191,0.51792,0.68958,1.25911,0.61534,0.62658,0.66011,0.29543,0.1072,0.05696,0.0211,0.00243,1.99719,7.96081,0.93378,1.46251,2.75627,0.008944,0.008944,0.008944
18,286.414,1.15308,6.70867,0.5049,0.68576,1.24268,0.60632,0.49367,0.56011,0.26624,0.09723,0.03797,0.012,0.00258,2.06006,7.80385,0.60856,1.63215,2.77488,0.008878,0.008878,0.008878
19,301.331,1.15362,6.66314,0.50856,0.70435,1.23808,0.62565,0.677,0.71374,0.37166,0.0845,0.06329,0.01739,0.00257,1.7655,7.38697,0.65547,1.27338,2.47186,0.008812,0.008812,0.008812
20,317.135,1.13961,6.56107,0.4977,0.6825,1.22956,0.71785,0.64557,0.67517,0.35943,0.11734,0.06329,0.02876,0.00309,1.83296,7.75357,0.71628,1.47391,2.58451,0.008746,0.008746,0.008746
21,331.949,1.10155,6.49188,0.48795,0.66159,1.22341,0.68157,0.63924,0.73243,0.3409,0.05331,0.03797,0.00754,0.00081,1.90052,7.92717,0.72532,1.45741,2.65154,0.00868,0.00868,0.00868
22,346.76,1.09701,6.47463,0.4924,0.65252,1.20452,0.76765,0.71519,0.74816,0.33002,0.09112,0.10127,0.01332,0.00194,1.97615,7.43143,0.70224,1.22715,2.7318,0.008614,0.008614,0.008614
23,361.728,1.07374,6.397,0.47551,0.63919,1.19811,0.69449,0.66183,0.72776,0.36905,0.14336,0.09494,0.03027,0.00371,1.80835,7.37198,0.62008,1.35289,2.59265,0.008548,0.008548,0.008548
24,376.726,1.12038,6.49119,0.48694,0.65291,1.21643,0.70407,0.69269,0.74239,0.35448,0.11897,0.05696,0.0122,0.0022,1.85295,7.44113,0.69208,1.48602,2.60222,0.008482,0.008482,0.008482
25,392.38,1.09052,6.34542,0.47481,0.64787,1.20153,0.75544,0.70383,0.77112,0.39324,0.09936,0.07595,0.01417,0.0027,1.75472,7.11111,0.58896,1.32891,2.4845,0.008416,0.008416,0.008416
26,407.493,1.05913,6.27104,0.47885,0.63966,1.19249,0.71652,0.77215,0.78336,0.38789,0.12572,0.09494,0.02163,0.00344,1.82416,7.45004,0.60552,1.15302,2.59617,0.00835,0.00835,0.00835
27,422.755,1.05857,6.21206,0.46562,0.63257,1.19721,0.69053,0.81646,0.76771,0.35093,0.07881,0.06329,0.01436,0.00257,1.85972,7.60655,0.68025,1.30352,2.61253,0.008284,0.008284,0.008284
28,438.136,1.0869,6.19919,0.46917,0.6271,1.19993,0.77562,0.8095,0.85196,0.41194,0.07167,0.07595,0.01514,0.00232,1.75095,7.23211,0.68508,1.07963,2.50567,0.008218,0.008218,0.008218
29,453.081,1.06327,6.22257,0.45566,0.61989,1.17242,0.77633,0.76887,0.84326,0.44498,0.11275,0.05873,0.01646,0.00321,1.55324,7.12202,0.57061,1.02241,2.28994,0.008152,0.008152,0.008152
30,468.296,1.04603,6.22347,0.45127,0.61382,1.18169,0.68595,0.77417,0.77263,0.38965,0.1478,0.12025,0.03377,0.00468,1.80663,7.10857,0.71572,1.15123,2.53047,0.008086,0.008086,0.008086
31,483.36,1.00431,5.95964,0.44256,0.59339,1.15383,0.83778,0.71519,0.82178,0.39271,0.125,0.11574,0.03808,0.00557,1.89813,7.33565,0.7091,1.14994,2.67797,0.00802,0.00802,0.00802
32,498.277,1.01514,5.98479,0.44169,0.60409,1.15524,0.76212,0.74051,0.81293,0.39699,0.22748,0.14537,0.07434,0.01395,1.76565,7.07178,0.80462,1.11832,2.5193,0.007954,0.007954,0.007954
33,513.828,1.01894,5.88216,0.44315,0.59488,1.16628,0.66438,0.79114,0.78656,0.39,0.18738,0.11392,0.05349,0.00714,1.78467,6.86136,0.61364,1.03886,2.62022,0.007888,0.007888,0.007888
34,529.164,1.00752,5.89765,0.43714,0.5894,1.14655,0.71384,0.75783,0.786,0.36734,0.19367,0.10127,0.04504,0.00706,1.88967,7.22901,0.7176,1.14504,2.70503,0.007822,0.007822,0.007822
35,543.998,1.02357,5.81934,0.4356,0.60623,1.16631,0.8005,0.8038,0.8663,0.44751,0.23747,0.22152,0.1206,0.01712,1.69573,6.77225,0.68715,0.93271,2.42963,0.007756,0.007756,0.007756
36,559.252,1.00514,5.90195,0.43199,0.59074,1.16345,0.65884,0.60127,0.67834,0.32353,0.2406,0.08228,0.06048,0.00936,1.86959,7.5682,0.77673,1.46768,2.63426,0.00769,0.00769,0.00769
37,574.364,0.99181,5.70969,0.42318,0.58466,1.14589,0.67937,0.83146,0.80718,0.42644,0.21049,0.12658,0.051,0.00727,1.70755,7.11191,0.74768,1.00705,2.47865,0.007624,0.007624,0.007624
38,589.595,0.99982,5.7915,0.42585,0.60437,1.16254,0.79089,0.71815,0.74388,0.39823,0.36741,0.15823,0.10872,0.01514,1.80036,7.04568,0.61701,1.36023,2.64833,0.007558,0.007558,0.007558
39,604.781,0.99608,5.78166,0.4252,0.58689,1.14883,0.77118,0.74656,0.81549,0.42772,0.25344,0.15823,0.09808,0.01976,1.71815,6.96649,0.70925,1.28528,2.52785,0.007492,0.007492,0.007492
40,619.887,0.98516,5.65208,0.42509,0.58028,1.14581,0.8228,0.7347,0.80177,0.38964,0.24417,0.17722,0.07424,0.01365,1.90776,7.11016,0.77266,1.08157,2.65862,0.007426,0.007426,0.007426
41,634.934,1.01113,5.74395,0.40632,0.6004,1.16344,0.77281,0.7966,0.82007,0.45374,0.20986,0.08861,0.04921,0.00716,1.63761,6.89716,0.64664,1.06925,2.3794,0.00736,0.00736,0.00736
42,650.097,0.96266,5.57249,0.40949,0.57309,1.14195,0.84416,0.75316,0.82859,0.38492,0.21716,0.14749,0.06188,0.01095,1.92874,7.19543,0.76673,1.08119,2.74848,0.007294,0.007294,0.007294
43,665.311,0.98192,5.63904,0.41079,0.57426,1.15124,0.78703,0.81864,0.87929,0.46915,0.30523,0.22785,0.14049,0.02541,1.61775,6.42097,0.66862,1.01729,2.35107,0.007228,0.007228,0.007228
44,681.127,0.95978,5.61528,0.40737,0.57703,1.13411,0.7953,0.82911,0.84685,0.4508,0.29362,0.20886,0.14167,0.02407,1.67979,6.62073,0.56406,0.95764,2.37578,0.007162,0.007162,0.007162
45,696.165,0.93431,5.43411,0.40076,0.55699,1.12471,0.86629,0.84177,0.88733,0.44409,0.23888,0.1519,0.09247,0.01505,1.7276,7.1034,0.63347,0.90426,2.57079,0.007096,0.007096,0.007096
46,712,0.97847,5.50627,0.40565,0.57038,1.14616,0.67668,0.82128,0.79477,0.3967,0.27774,0.22785,0.12684,0.01987,1.73937,6.81459,0.72946,1.07092,2.50285,0.00703,0.00703,0.00703
47,727.613,0.93245,5.49749,0.406,0.54548,1.13039,0.80557,0.73424,0.80648,0.40988,0.28899,0.18354,0.10733,0.01791,1.82335,7.06219,0.61951,1.29643,2.48037,0.006964,0.006964,0.006964
48,742.91,0.9389,5.37362,0.40762,0.56229,1.14845,0.7865,0.93038,0.87799,0.48861,0.20261,0.20886,0.09313,0.01368,1.55175,6.58195,0.51893,0.91205,2.28063,0.006898,0.006898,0.006898
49,760.571,0.90391,5.17071,0.39109,0.52766,1.10231,0.8493,0.74904,0.84314,0.43652,0.2754,0.19485,0.123,0.02497,1.73163,6.82131,0.69319,1.02982,2.47061,0.006832,0.006832,0.006832
50,779.723,0.91494,5.15886,0.39189,0.54616,1.10933,0.82373,0.82816,0.85512,0.473,0.31202,0.29114,0.1965,0.03786,1.6484,6.35657,0.55982,0.97751,2.38295,0.006766,0.006766,0.006766
51,795.839,0.97282,5.31195,0.39369,0.57309,1.13535,0.86105,0.79114,0.87875,0.48675,0.34957,0.24051,0.15775,0.02421,1.62775,6.26963,0.60806,0.90972,2.3035,0.0067,0.0067,0.0067
52,812.23,0.92916,5.21631,0.38891,0.55479,1.12847,0.81426,0.89241,0.90309,0.49398,0.30233,0.29747,0.16643,0.02308,1.56018,6.10422,0.55502,0.9274,2.24037,0.006634,0.006634,0.006634
53,828.533,0.92424,5.02289,0.3822,0.53232,1.11105,0.85884,0.89241,0.91505,0.51211,0.2682,0.25949,0.12977,0.02178,1.54337,6.21877,0.55884,0.88402,2.27507,0.006568,0.006568,0.006568
54,843.601,0.89721,4.97913,0.37055,0.5431,1.11048,0.82258,0.82911,0.864,0.46158,0.35288,0.28481,0.19409,0.03654,1.72588,6.30012,0.70546,0.94716,2.45953,0.006502,0.006502,0.006502
55,858.903,0.93564,5.01475,0.38801,0.55788,1.11943,0.82182,0.79747,0.8722,0.46569,0.38599,0.31646,0.23828,0.04506,1.74753,6.35961,0.68189,0.91621,2.5095,0.006436,0.006436,0.006436
56,873.833,0.9509,4.98879,0.38296,0.54963,1.12572,0.78996,0.91772,0.89814,0.47928,0.43079,0.31646,0.22024,0.0423,1.63786,6.16932,0.56568,0.90823,2.33236,0.00637,0.00637,0.00637
57,889.327,0.94989,5.03922,0.39115,0.55898,1.13535,0.78271,0.91195,0.88369,0.51378,0.35269,0.35443,0.23746,0.04744,1.47823,5.96104,0.60632,0.92782,2.14868,0.006304,0.006304,0.006304
58,904.521,0.94864,4.95112,0.38013,0.54831,1.11656,0.75377,0.75564,0.79893,0.41501,0.37608,0.25316,0.16091,0.0302,1.76614,6.81008,0.83457,1.10916,2.55388,0.006238,0.006238,0.006238
59,919.987,0.93251,4.89339,0.37599,0.54559,1.11625,0.8357,0.8481,0.88502,0.49482,0.45929,0.33544,0.2733,0.05356,1.54373,5.93262,0.58104,0.93097,2.36555,0.006172,0.006172,0.006172
60,935.171,0.89728,4.71493,0.35985,0.53263,1.09086,0.83158,0.89873,0.88813,0.52265,0.39569,0.31082,0.21395,0.04999,1.5021,5.97739,0.61008,0.89301,2.26007,0.006106,0.006106,0.006106
61,950.593,0.89238,4.68525,0.37091,0.53041,1.10602,0.83993,0.83544,0.87598,0.48425,0.37195,0.34177,0.22416,0.04947,1.57605,6.032,0.62534,0.96278,2.3316,0.00604,0.00604,0.00604
62,966.204,0.88719,4.78722,0.36685,0.52866,1.09621,0.78997,0.88079,0.87731,0.47721,0.41115,0.38608,0.27906,0.06065,1.58384,5.91268,0.63781,0.94721,2.31682,0.005974,0.005974,0.005974
63,981.234,0.89063,4.65667,0.37315,0.51504,1.09745,0.87694,0.90203,0.92697,0.53622,0.33842,0.3481,0.23071,0.04737,1.4619,5.92109,0.61227,0.83172,2.13972,0.005908,0.005908,0.005908
64,996.14,0.90464,4.75529,0.36227,0.54178,1.10393,0.8234,0.87975,0.90829,0.5168,0.3487,0.3481,0.21318,0.04235,1.48668,5.9735,0.643,0.94061,2.18422,0.005842,0.005842,0.005842
65,1011.26,0.88067,4.57664,0.36701,0.52321,1.10439,0.70471,0.70253,0.768,0.3801,0.48212,0.29114,0.21008,0.03891,1.83282,6.90397,0.97111,1.26348,2.53935,0.005776,0.005776,0.005776
66,1026.36,0.89055,4.58732,0.36316,0.53174,1.11325,0.83932,0.92405,0.91708,0.51421,0.40321,0.40625,0.27755,0.05711,1.519,5.79108,0.57768,0.8155,2.26154,0.00571,0.00571,0.00571
67,1041.64,0.91193,4.72856,0.36475,0.53565,1.1153,0.80178,0.91772,0.88865,0.48238,0.35684,0.30201,0.20568,0.04377,1.60091,6.1114,0.62086,1.00372,2.35847,0.005644,0.005644,0.005644
68,1056.52,0.88914,4.5501,0.35022,0.53219,1.11079,0.77238,0.88053,0.87857,0.48893,0.43771,0.38608,0.29523,0.07103,1.54025,5.64232,0.56099,0.94015,2.28568,0.005578,0.005578,0.005578
69,1072.2,0.89921,4.48502,0.35132,0.52836,1.10672,0.89765,0.91139,0.93,0.52523,0.43668,0.3481,0.28185,0.0582,1.55825,5.72531,0.47805,0.84616,2.32973,0.005512,0.005512,0.005512
70,1087.32,0.85981,4.43189,0.35898,0.5112,1.07773,0.88103,0.84369,0.90106,0.51468,0.49159,0.46203,0.35494,0.07722,1.54541,5.70332,0.63974,0.86055,2.25237,0.005446,0.005446,0.005446
71,1102.44,0.86713,4.48643,0.34911,0.52455,1.09117,0.82284,0.85251,0.8995,0.54866,0.45005,0.41437,0.31515,0.07562,1.46982,5.70746,0.55569,0.85454,2.14205,0.00538,0.00538,0.00538
72,1117.81,0.86623,4.42086,0.3624,0.51543,1.09463,0.88138,0.87975,0.91881,0.55492,0.55626,0.41257,0.32418,0.06992,1.48717,5.7064,0.57227,0.83822,2.21944,0.005314,0.005314,0.005314
73,1133.09,0.84985,4.30995,0.35023,0.51484,1.08119,0.91087,0.90506,0.92769,0.55662,0.48461,0.40506,0.28971,0.07031,1.46978,5.63859,0.56097,0.77716,2.21872,0.005248,0.005248,0.005248
74,1148.43,0.8415,4.28225,0.35493,0.49757,1.06904,0.89008,0.76879,0.84785,0.4679,0.44988,0.29114,0.22422,0.05395,1.62399,6.14298,0.61396,1.02959,2.39305,0.005182,0.005182,0.005182
75,1163.37,0.84934,4.3602,0.35894,0.50861,1.08549,0.83671,0.84177,0.89677,0.50349,0.46163,0.31646,0.25094,0.06328,1.55939,5.66312,0.55098,0.86318,2.28651,0.005116,0.005116,0.005116
76,1178.5,0.82534,4.17003,0.34315,0.49451,1.07228,0.83121,0.90506,0.90101,0.51038,0.41039,0.44304,0.31267,0.07008,1.56808,5.56983,0.55182,0.82104,2.29677,0.00505,0.00505,0.00505
77,1193.44,0.84366,4.22465,0.3546,0.50831,1.08725,0.9043,0.88608,0.94389,0.54144,0.45446,0.42181,0.30502,0.06897,1.47688,5.54918,0.53351,0.82787,2.20233,0.004984,0.004984,0.004984
78,1208.75,0.8141,4.11756,0.34548,0.49565,1.06871,0.8541,0.88923,0.91594,0.52837,0.55531,0.45841,0.39269,0.10097,1.51059,5.65004,0.63224,0.87199,2.21915,0.004918,0.004918,0.004918
79,1223.48,0.85711,4.15016,0.34471,0.50328,1.10133,0.8431,0.85027,0.88338,0.53361,0.49853,0.3964,0.32684,0.09181,1.40833,5.50637,0.71552,0.88769,2.13452,0.004852,0.004852,0.004852
80,1238.85,0.84859,4.07114,0.34456,0.50594,1.08463,0.83322,0.917,0.90012,0.53285,0.51668,0.43038,0.37454,0.09468,1.47318,5.44538,0.60735,0.82211,2.16896,0.004786,0.004786,0.004786
81,1254.24,0.85808,3.91066,0.3448,0.50139,1.08449,0.75583,0.79114,0.82679,0.48902,0.53364,0.36709,0.33983,0.0857,1.4921,5.82835,0.61033,0.99412,2.25355,0.00472,0.00472,0.00472
82,1269.97,0.85234,4.0245,0.34761,0.5008,1.08249,0.87491,0.91772,0.93132,0.59854,0.60096,0.56329,0.4982,0.14708,1.31636,4.84311,0.58721,0.7903,2.00415,0.004654,0.004654,0.004654
83,1285,0.80789,3.85201,0.33846,0.48402,1.06583,0.84871,0.89873,0.92036,0.54921,0.55454,0.47468,0.42687,0.12203,1.46037,5.20417,0.62639,0.91793,2.22473,0.004588,0.004588,0.004588
84,1300.29,0.82667,3.97163,0.3428,0.48847,1.07843,0.833,0.89241,0.88713,0.52871,0.52761,0.43038,0.37284,0.09705,1.49873,5.18259,0.51161,0.89683,2.27244,0.004522,0.004522,0.004522
85,1315.36,0.8295,3.85759,0.34469,0.48444,1.06227,0.9178,0.87975,0.93496,0.57117,0.4674,0.44436,0.34928,0.09588,1.3739,5.18862,0.55529,0.83871,2.11384,0.004456,0.004456,0.004456
86,1330.46,0.81723,3.82477,0.3415,0.48853,1.08088,0.88638,0.88881,0.91903,0.55684,0.5511,0.34188,0.35631,0.10192,1.44116,5.27208,0.55201,0.85005,2.19121,0.00439,0.00439,0.00439
87,1345.19,0.79147,3.82724,0.33996,0.48875,1.05686,0.84281,0.81447,0.87687,0.4891,0.49507,0.40506,0.31392,0.10132,1.60714,5.59677,0.647,0.97918,2.3597,0.004324,0.004324,0.004324
88,1360.65,0.81648,3.78104,0.33732,0.48145,1.06335,0.84236,0.81168,0.86318,0.51649,0.53229,0.48101,0.42688,0.1169,1.47496,5.36459,0.61782,0.9392,2.21283,0.004258,0.004258,0.004258
89,1375.97,0.81094,3.81059,0.33526,0.49177,1.06737,0.84373,0.79114,0.8731,0.5185,0.60914,0.42414,0.41137,0.12564,1.48234,5.41635,0.69681,0.92782,2.22313,0.004192,0.004192,0.004192
90,1391.21,0.79793,3.8153,0.33507,0.48491,1.05515,0.87686,0.87342,0.92349,0.5332,0.60941,0.53797,0.47065,0.12976,1.48215,5.1029,0.58263,0.84211,2.19867,0.004126,0.004126,0.004126
91,1406.76,0.80787,3.75683,0.3338,0.48041,1.06776,0.79199,0.9398,0.90257,0.53849,0.56816,0.50633,0.41173,0.13025,1.37251,5.20807,0.5805,0.87777,2.08828,0.00406,0.00406,0.00406
92,1422.02,0.80727,3.64729,0.33645,0.48368,1.05904,0.87999,0.88178,0.92458,0.58523,0.57263,0.51899,0.42391,0.11682,1.28801,4.88436,0.47337,0.78876,1.99788,0.003994,0.003994,0.003994
93,1437.24,0.78553,3.74431,0.33577,0.47359,1.06419,0.85477,0.93129,0.939,0.5232,0.55964,0.49367,0.42037,0.11754,1.51613,4.93687,0.53108,0.8399,2.27186,0.003928,0.003928,0.003928
94,1452.4,0.80917,3.68462,0.33482,0.49547,1.08231,0.88053,0.88634,0.92028,0.52669,0.56417,0.46835,0.41603,0.13474,1.4791,5.04496,0.60912,0.87466,2.18349,0.003862,0.003862,0.003862
95,1467.83,0.79913,3.69519,0.33381,0.47714,1.05835,0.87435,0.94304,0.93427,0.58173,0.56296,0.57595,0.49741,0.15375,1.35846,4.71664,0.51503,0.77669,2.05684,0.003796,0.003796,0.003796
96,1483.25,0.7936,3.64968,0.33109,0.47821,1.06702,0.86935,0.84177,0.90065,0.52358,0.54825,0.50695,0.4616,0.13853,1.49364,4.97809,0.60672,0.88475,2.20947,0.00373,0.00373,0.00373
97,1498.29,0.78989,3.4577,0.32555,0.47272,1.05013,0.86058,0.82911,0.90195,0.51075,0.53645,0.45412,0.45237,0.1455,1.55675,5.18484,0.66206,0.90918,2.22846,0.003664,0.003664,0.003664
98,1513.85,0.76081,3.44602,0.325,0.46796,1.03371,0.85344,0.92141,0.92504,0.58199,0.64599,0.56962,0.54434,0.16868,1.38614,4.52786,0.55114,0.78226,2.08203,0.003598,0.003598,0.003598
99,1529.14,0.77739,3.46722,0.32682,0.46445,1.05684,0.87638,0.89873,0.92219,0.5822,0.66961,0.60288,0.55813,0.17769,1.36287,4.61426,0.6028,0.79615,2.08431,0.003532,0.003532,0.003532
100,1544.06,0.76788,3.56851,0.32122,0.46886,1.04261,0.87038,0.87975,0.90986,0.55689,0.56373,0.58228,0.48122,0.16192,1.41407,4.7028,0.58266,0.83163,2.17507,0.003466,0.003466,0.003466
101,1559.56,0.78022,3.55075,0.32067,0.47676,1.06083,0.8304,0.81013,0.85694,0.48344,0.49512,0.46835,0.37123,0.10406,1.57867,5.33801,0.62847,0.94303,2.38653,0.0034,0.0034,0.0034
102,1574.29,0.76973,3.45899,0.32445,0.46609,1.04963,0.91653,0.9034,0.92209,0.57153,0.5785,0.56329,0.45562,0.14623,1.3795,4.88326,0.62188,0.79147,2.12061,0.003334,0.003334,0.003334
103,1589.24,0.75204,3.36383,0.32851,0.46144,1.04145,0.81298,0.90794,0.90386,0.55098,0.61773,0.59494,0.54197,0.16399,1.40474,4.50688,0.50519,0.81915,2.15096,0.003268,0.003268,0.003268
104,1604.24,0.74831,3.3626,0.32755,0.46525,1.04778,0.85065,0.91772,0.9454,0.57106,0.64512,0.55696,0.49029,0.15249,1.40943,4.777,0.57692,0.79019,2.1406,0.003202,0.003202,0.003202
105,1619.5,0.77837,3.41354,0.33145,0.4721,1.0587,0.87371,0.87575,0.91998,0.52929,0.58549,0.46835,0.40138,0.13848,1.44124,4.93848,0.59851,0.86724,2.19154,0.003136,0.003136,0.003136
106,1634.51,0.76642,3.33698,0.31524,0.4516,1.0462,0.86618,0.91139,0.94246,0.57191,0.61247,0.55696,0.51603,0.15247,1.37821,4.65507,0.54978,0.79119,2.10558,0.00307,0.00307,0.00307
107,1649.7,0.7513,3.3514,0.32912,0.44835,1.03775,0.8928,0.91139,0.93391,0.55585,0.59236,0.49367,0.46522,0.15607,1.44156,4.86724,0.57125,0.82315,2.18901,0.003004,0.003004,0.003004
108,1664.7,0.7537,3.29224,0.3172,0.45515,1.02942,0.86036,0.93038,0.94247,0.56913,0.62785,0.60759,0.52483,0.17378,1.38188,4.54884,0.53022,0.81036,2.10344,0.002938,0.002938,0.002938
109,1679.87,0.75852,3.32867,0.32993,0.45625,1.0412,0.85554,0.94304,0.92222,0.57843,0.61995,0.48101,0.42893,0.15786,1.3518,4.93644,0.55884,0.76097,2.12394,0.002872,0.002872,0.002872
110,1694.79,0.7538,3.31938,0.31915,0.45835,1.04876,0.85249,0.93038,0.92284,0.55342,0.67157,0.43671,0.43705,0.14435,1.47795,5.08069,0.71019,0.80499,2.30539,0.002806,0.002806,0.002806
111,1709.99,0.7439,3.24282,0.32139,0.44209,1.04739,0.90077,0.86177,0.93912,0.58527,0.57462,0.53165,0.4597,0.15295,1.39013,4.75661,0.58348,0.79061,2.08666,0.00274,0.00274,0.00274
112,1725.05,0.76135,3.20262,0.31041,0.45862,1.05364,0.85419,0.87342,0.90392,0.56556,0.599,0.57595,0.47877,0.15121,1.43306,4.814,0.5584,0.8331,2.15509,0.002674,0.002674,0.002674
113,1740.38,0.75977,3.30091,0.32146,0.45753,1.05162,0.83879,0.89873,0.92731,0.55916,0.6295,0.57595,0.54102,0.17139,1.38596,4.56694,0.55816,0.84817,2.12954,0.002608,0.002608,0.002608
114,1755.33,0.72701,3.22793,0.32497,0.43806,1.03521,0.84714,0.87342,0.9185,0.57436,0.65251,0.58228,0.54366,0.17448,1.36873,4.64048,0.58073,0.8482,2.10997,0.002542,0.002542,0.002542
115,1771.02,0.7521,3.14754,0.3108,0.45215,1.03949,0.87031,0.88608,0.92192,0.58925,0.65308,0.58383,0.55747,0.18531,1.33143,4.49967,0.535,0.78887,2.06576,0.002476,0.002476,0.002476
116,1786.42,0.74348,3.19862,0.31759,0.44045,1.03537,0.85206,0.92405,0.94572,0.59521,0.64347,0.58861,0.54188,0.18155,1.30528,4.4113,0.56336,0.73696,2.0217,0.00241,0.00241,0.00241
117,1802.09,0.72062,3.07616,0.31856,0.44119,1.02923,0.89977,0.89241,0.93527,0.56653,0.66763,0.60759,0.53911,0.17873,1.4055,4.58443,0.57092,0.79197,2.14118,0.002344,0.002344,0.002344
118,1817.34,0.7382,3.11118,0.31431,0.44043,1.04073,0.90507,0.92405,0.94657,0.57919,0.62072,0.60127,0.56429,0.18549,1.36598,4.41378,0.57771,0.79148,2.12962,0.002278,0.002278,0.002278
119,1832.38,0.74294,3.22337,0.30972,0.45035,1.03374,0.86018,0.91139,0.92866,0.57003,0.61172,0.58228,0.50665,0.17394,1.37777,4.60561,0.5684,0.80873,2.15474,0.002212,0.002212,0.002212
120,1847.56,0.72538,3.09309,0.30376,0.43222,1.04228,0.92109,0.85443,0.9187,0.57407,0.64618,0.56962,0.50141,0.17304,1.37757,4.61871,0.61616,0.80828,2.12892,0.002146,0.002146,0.002146
121,1863.33,0.74167,3.17934,0.30734,0.44885,1.04395,0.93437,0.89241,0.94185,0.60908,0.66564,0.57595,0.5135,0.16836,1.31091,4.56945,0.60258,0.77719,2.04961,0.00208,0.00208,0.00208
122,1878.44,0.71746,3.14392,0.32684,0.43685,1.04115,0.89463,0.89241,0.93439,0.58552,0.67023,0.58861,0.55722,0.18142,1.33325,4.34032,0.57779,0.78557,2.07979,0.002014,0.002014,0.002014
123,1893.69,0.72963,3.19821,0.30784,0.45466,1.03677,0.86081,0.9003,0.92536,0.57301,0.58202,0.5443,0.50198,0.16047,1.35882,4.5116,0.55387,0.79602,2.09562,0.001948,0.001948,0.001948
124,1908.57,0.71062,3.06477,0.30422,0.43853,1.02698,0.83066,0.93139,0.92292,0.54743,0.59002,0.55696,0.49525,0.17302,1.38051,4.46884,0.55996,0.81748,2.12267,0.001882,0.001882,0.001882
125,1923.81,0.70965,3.07366,0.30986,0.43266,1.04192,0.84238,0.91328,0.91054,0.55662,0.622,0.59494,0.53113,0.18331,1.36066,4.40501,0.58283,0.78452,2.15024,0.001816,0.001816,0.001816
126,1939.06,0.70599,3.05467,0.31035,0.43502,1.03177,0.91803,0.88608,0.94162,0.58919,0.65822,0.64603,0.58894,0.20482,1.34105,4.31808,0.53241,0.75554,2.10725,0.00175,0.00175,0.00175
127,1954.09,0.70441,2.97065,0.30916,0.43332,1.03102,0.8962,0.87432,0.93928,0.57429,0.61602,0.56329,0.51415,0.19527,1.34378,4.3499,0.54325,0.74956,2.07726,0.001684,0.001684,0.001684
128,1969.07,0.70801,2.95453,0.30697,0.42724,1.02374,0.85752,0.91419,0.92511,0.57538,0.60987,0.58228,0.52276,0.19141,1.34381,4.4037,0.57985,0.76969,2.07717,0.001618,0.001618,0.001618
129,1984.07,0.72262,3.0539,0.30703,0.43237,1.03092,0.85547,0.91139,0.93984,0.58089,0.6322,0.53165,0.50182,0.18295,1.37964,4.51235,0.5525,0.79354,2.14686,0.001552,0.001552,0.001552
130,1999.12,0.68846,2.90651,0.30713,0.42247,1.01613,0.91214,0.91986,0.94643,0.56911,0.59141,0.55884,0.51546,0.18428,1.36655,4.47109,0.568,0.78144,2.16557,0.001486,0.001486,0.001486
131,2014.14,0.70541,2.97624,0.31195,0.42596,1.02593,0.87481,0.93038,0.93966,0.59016,0.60337,0.57595,0.53741,0.17828,1.34458,4.48998,0.54786,0.76553,2.1124,0.00142,0.00142,0.00142
132,2029.4,0.69132,2.97639,0.30876,0.42941,1.01264,0.8956,0.89873,0.93911,0.59579,0.6454,0.63291,0.58073,0.19844,1.30447,4.28558,0.54292,0.74125,2.05304,0.001354,0.001354,0.001354
133,2044.42,0.6932,2.91983,0.31106,0.42259,1.02071,0.83742,0.88608,0.90297,0.55909,0.64058,0.48734,0.47891,0.17377,1.41975,4.58413,0.60182,0.85818,2.24681,0.001288,0.001288,0.001288
134,2060.02,0.6858,2.83354,0.30516,0.41358,1.01884,0.86274,0.91498,0.94145,0.59029,0.68234,0.53022,0.51861,0.17973,1.34212,4.42547,0.56917,0.74488,2.11665,0.001222,0.001222,0.001222
135,2075.26,0.69079,2.89116,0.31159,0.42152,1.02022,0.83536,0.90506,0.91056,0.57002,0.66052,0.53797,0.52776,0.18368,1.355,4.36647,0.54575,0.7658,2.16286,0.001156,0.001156,0.001156
136,2090.42,0.6684,2.8507,0.30208,0.41102,1.00106,0.87066,0.89241,0.92655,0.58192,0.63795,0.58861,0.53154,0.19252,1.33913,4.24715,0.54144,0.7554,2.12879,0.00109,0.00109,0.00109
137,2105.92,0.68716,2.84139,0.31003,0.41965,1.01173,0.90331,0.91772,0.93485,0.60803,0.63832,0.59204,0.55202,0.20501,1.30104,4.12935,0.53693,0.69375,2.02677,0.001024,0.001024,0.001024
138,2121.38,0.69032,2.83654,0.31246,0.41842,1.02832,0.89308,0.90506,0.93898,0.6055,0.66339,0.57595,0.54632,0.20761,1.28416,4.21618,0.54415,0.72671,2.0087,0.000958,0.000958,0.000958
139,2136.4,0.68103,2.80969,0.30873,0.42022,1.01341,0.87967,0.87342,0.91525,0.58255,0.64368,0.56023,0.54472,0.20037,1.31559,4.31475,0.55125,0.75507,2.07653,0.000892,0.000892,0.000892
140,2151.41,0.6744,2.93801,0.30916,0.41973,1.01807,0.90996,0.89553,0.94312,0.60241,0.67281,0.61392,0.58095,0.20248,1.29743,4.24808,0.53936,0.72223,2.05312,0.000826,0.000826,0.000826
141,2180.46,0.53845,2.21432,0.28536,0.34907,0.97676,0.88968,0.92405,0.92746,0.60614,0.67363,0.66625,0.59937,0.22151,1.24453,4.19179,0.52077,0.704,1.96178,0.00076,0.00076,0.00076
142,2195.2,0.52955,2.15878,0.27449,0.33955,0.9673,0.85785,0.89873,0.92781,0.58825,0.72965,0.59494,0.58456,0.22171,1.32241,4.15889,0.49074,0.72447,2.05459,0.000694,0.000694,0.000694
143,2209.62,0.52225,2.12377,0.2707,0.32592,0.96069,0.90018,0.93038,0.96543,0.62904,0.70731,0.63924,0.59783,0.23271,1.23809,3.97502,0.47628,0.68681,1.92302,0.000628,0.000628,0.000628
144,2224.12,0.51993,2.09702,0.26545,0.31448,0.94779,0.92982,0.92241,0.9633,0.62586,0.68228,0.63878,0.58678,0.23151,1.28075,4.05387,0.45165,0.6844,2.00345,0.000562,0.000562,0.000562
145,2238.34,0.52155,2.09139,0.26956,0.31821,0.94908,0.9258,0.90506,0.96421,0.64232,0.70522,0.65823,0.6224,0.24226,1.2267,3.95728,0.44085,0.66349,1.94174,0.000496,0.000496,0.000496
146,2252.84,0.52206,2.08473,0.27397,0.31268,0.9612,0.94042,0.93038,0.96841,0.64457,0.7301,0.68354,0.65116,0.25775,1.23509,3.92466,0.42473,0.65479,1.95891,0.00043,0.00043,0.00043
147,2267.39,0.50141,2.02746,0.26451,0.30915,0.95324,0.93908,0.94304,0.96704,0.64718,0.7117,0.68354,0.6429,0.25243,1.2196,3.87663,0.43204,0.65839,1.94213,0.000364,0.000364,0.000364
148,2282.25,0.49473,2.02617,0.26508,0.3034,0.94293,0.92763,0.94937,0.965,0.64512,0.71113,0.6962,0.65903,0.25216,1.22797,3.92078,0.44153,0.66855,1.94426,0.000298,0.000298,0.000298
149,2296.69,0.50502,2.05245,0.27494,0.30554,0.94824,0.93012,0.92661,0.96431,0.64928,0.72796,0.70886,0.68047,0.262,1.23357,3.87462,0.44289,0.66428,1.94858,0.000232,0.000232,0.000232
150,2311.05,0.49784,2.06701,0.2656,0.30529,0.93795,0.9431,0.94421,0.96702,0.64931,0.73249,0.69322,0.66532,0.2591,1.24339,3.92773,0.44442,0.665,1.96638,0.000166,0.000166,0.000166
